name,age,zip_code,gender
Lindsey Diaz,27,75215,Female
Brittany Lee,26,10041,Non-binary
Jenna Mclaughlin,47,75262,Female
Brittany Dillon,41,75262,Female
Vincent Stanley,54,75215,Male
Kevin Clark,44,33141,Male
Katherine Simmons,52,98118,Female
Maria Lawrence,44,94131,Female
John Miller,42,94131,Male
Thomas Clark,49,98124,Male
Tammy Roberts,51,98118,Female
Terry Ward,35,60684,Male
George Jones,18,94131,Male
Amanda Jones,60,10082,Female
Jennifer Scott,51,75215,Female
Pamela White,31,33143,Female
Jessica Perry,29,60613,Female
Ashley Morrison,28,75215,Female
Nicole Gilbert,42,33167,Female
Angela Brown,48,60684,Female
Anthony Atkins,30,60666,Male
Kathleen Wyatt,79,94138,Female
Brenda Hammond,23,75262,Female
Aaron Stephens,48,60627,Male
Austin Henderson,84,98186,Male
Bethany Miller,23,10086,Female
Joshua Jordan,42,33143,Male
Cody Wilson,57,10053,Male
Chad Smith,44,94131,Non-binary
William Becker,18,33143,Male
Nicole Cole,45,94179,Female
Adam Harris,58,33143,Male
Alan Chavez,47,10086,Male
Shannon Graham,46,33143,Female
Angelica Taylor,72,33167,Female
Steven Jones,31,94131,Male
Nicholas Smith,61,10041,Male
Yvonne Robinson,23,60613,Female
Stephanie Branch,53,98101,Female
Steven Hampton,28,94138,Male
Craig Thomas,42,75241,Male
Katie Carney,72,10041,Female
Bryan Fields,42,33143,Male
Tiffany Lee,65,94131,Female
George Vance,47,98158,Male
Thomas Ponce,25,75241,Male
Caleb Williamson,46,33143,Male
Stephanie Campbell,48,60666,Female
Clinton Preston,47,33143,Male
Andrew Marshall,35,10086,Male
Chase Garcia,39,94138,Male
Jack Reyes,49,33143,Male
Norma Smith,20,98101,Female
Mary Hill,51,10006,Female
Timothy Foley,56,60681,Male
Michael Zuniga,21,75215,Male
Stephanie Wells,35,10086,Female
Brooke Ward,46,75241,Female
Lauren Jackson,41,75262,Female
Joshua Roberts,18,33180,Male
Amy Cummings,18,75241,Female
Christopher Holloway,39,94138,Male
Joseph Sanders,57,98158,Male
Samuel Phelps,62,75241,Male
Dawn Espinoza,37,60636,Female
Lisa Powell,36,94138,Female
Brett Lawson,43,75262,Male
Brian Hinton,49,75262,Male
Victoria Brown,50,60662,Female
Jeffrey Rosario,37,33130,Male
Chelsea Cooper,50,60684,Female
Nicole Brown,33,75241,Female
Deborah Coleman,27,94145,Female
Lee Morgan,64,60684,Male
Joseph Fowler,52,75262,Male
Olivia Walters,58,60681,Female
Tamara Tucker,51,94139,Female
Richard Ortiz,28,60681,Male
Reginald Hernandez,53,10040,Male
Stephen Ramirez,42,10082,Male
Patricia Morrow,57,10041,Female
Maria Cox,22,10082,Female
Thomas Roberts,18,94131,Male
Michelle Mckinney,31,60666,Female
Dylan King,47,98158,Male
David Haynes,30,98118,Male
Melinda French,45,10053,Female
Joshua Munoz,44,33143,Male
Kayla Jones,64,94138,Female
Matthew May,62,60613,Male
Jennifer Powers,24,10041,Female
Donna Ramos,32,10041,Female
Donna Brooks,54,10053,Non-binary
Michele Williams,26,10041,Female
Thomas Cook,52,60627,Male
Miranda Hernandez,38,75241,Female
Jessica Fitzgerald,18,98158,Female
Darren Bernard,18,94138,Male
Crystal Crawford,34,10041,Female
Philip Weiss,59,94138,Male
Cynthia Harding,61,10086,Female
Brittany Black,49,94131,Female
Brian Smith,42,75215,Male
Michael Taylor,53,60684,Male
Katie Stanton,67,60677,Female
Tammy Gutierrez,51,75241,Female
Steven Thompson,37,33143,Male
Monique Charles,33,94138,Female
Cheryl Warren,29,60627,Female
Bryan Miller,28,10053,Male
Lori Gomez,43,98101,Female
Vincent Nielsen,45,33167,Male
Tracy Robbins,56,75241,Female
Joshua Perez,66,75262,Male
Amy Torres,30,94131,Female
Dawn Carr,49,94138,Female
Henry Barnett,49,60684,Male
James Diaz,53,75215,Male
Kevin Young,31,94192,Male
Daniel Jones,37,75262,Male
Elizabeth Gray,38,98118,Female
Jeffrey Hudson,54,75262,Male
Jared Bennett,30,60622,Male
Christopher Perez,48,98158,Male
Nancy Martinez,29,10041,Female
Victoria Hobbs,66,60684,Female
Tyler Davis,22,10082,Male
Gregory Vazquez,24,94138,Male
Wanda Mclaughlin,40,60666,Female
Michael Holmes,18,60684,Male
Krista Harding,40,94138,Female
Jamie Roberson,63,33143,Female
Anita Scott,34,10053,Female
Sara Hernandez,27,60613,Female
Edward Schmidt,66,60677,Male
Michael Johnson,67,75215,Male
Kiara Clayton,49,10041,Female
Brian Alvarez,27,98101,Male
Julie Rodriguez,41,60613,Female
Jeffrey Garrett,47,10082,Male
Gregory Miller,41,75290,Male
David Ball,47,60681,Male
Charles Flores,32,10006,Male
Sarah Mueller,38,10082,Female
Brent Fischer,27,60636,Male
Clinton Franco,54,94131,Male
Adrian Rogers,36,94131,Male
Stephanie Henderson,68,33143,Female
Nicole Thomas,64,94138,Female
Thomas Sellers,28,33143,Male
Benjamin Lee,49,60666,Male
Joel Hopkins,18,75241,Male
Daniel Miller,50,60677,Male
Ryan Doyle,41,10082,Male
Aaron Hull,63,10041,Male
Terry Wyatt,39,33143,Male
Isaac Rhodes,64,60613,Male
Joy Stewart,21,75256,Female
Kevin Murphy,33,60677,Male
Michael Turner,18,60613,Non-binary
Amy Taylor,47,75241,Female
Jacob Cunningham,18,98193,Male
Michael Fox,43,75290,Male
Gary Frederick,18,75241,Male
Robin Gray,51,60684,Female
Jeffrey Andrews,45,75253,Male
Paul Vasquez,31,98193,Male
Robert Manning,38,75262,Male
Brandy Ramos,73,60677,Female
Elizabeth Thomas,49,98193,Female
John Smith,51,75256,Male
Matthew Gardner,47,75241,Male
Daniel West,34,60662,Male
Carla Klein,34,33143,Female
Michael Reid,23,98158,Male
Megan Potter,41,75241,Female
Thomas Brown,52,75241,Male
Phillip Parks,44,75241,Male
Douglas Juarez,58,10086,Male
Julie Woodard,45,10082,Female
Adrian Alexander,46,10086,Male
Colleen Coleman,60,98148,Female
Ryan Colon,18,98118,Male
Donald Ali,31,94131,Male
Gabrielle Scott,54,10053,Female
Anna Brown,55,75241,Female
Jasmine Hancock,18,94131,Female
Lisa Graham,38,98158,Female
Randall Calderon,36,75215,Male
Danielle Morales,46,75241,Female
Ralph Reese,23,10082,Male
Bryan Daugherty,48,94140,Male
Olivia Walker,34,10086,Female
Amanda Jones,40,75247,Female
Alejandra Rowland,33,10041,Female
John Murphy,79,75241,Male
Amy Johnson,46,75215,Female
Andrea Hale,30,10086,Female
Natalie Mathis,67,60666,Female
Terri Jordan,45,10086,Female
Dawn Rodgers,48,33143,Female
Andrew Ward,55,60684,Male
Courtney Murphy,39,75262,Female
John Mitchell,59,75247,Male
Kathleen Pearson,33,75262,Female
Jose Acosta,39,98158,Male
Ronald Morrison,53,94145,Male
Marcus Stewart,87,94131,Male
Christopher Harrington,55,10006,Male
Jessica Weaver,18,60613,Female
Heather Davis,18,98158,Female
Linda Sanchez,56,10006,Female
Ashley Flynn,45,60613,Female
Juan Torres,18,60666,Male
Alexander Hickman,43,60684,Male
Isabel Roberts,62,60681,Female
Michael Rodriguez,61,33143,Male
Beth Sellers,26,94138,Female
Jennifer Stephens,25,98101,Female
Shannon Watson,30,33143,Female
Trevor Swanson,39,98118,Male
Victoria Gardner,62,98186,Female
Robert Lucero,43,60622,Male
Aaron Garcia,26,75256,Male
Andrew Ward,45,94192,Male
James Turner,50,33143,Male
Benjamin Lopez,68,33167,Male
Sara Davis,18,75241,Female
Timothy Ramirez,27,60684,Male
Matthew Hobbs,55,94131,Male
Grace Thompson,39,75290,Female
Angela Craig,19,75241,Female
Rebecca Watts,48,75290,Female
Michael Shelton,57,10082,Male
Jason Ramos,58,75262,Male
Melinda King,51,60613,Female
Ashley Hill,36,60677,Female
Amber Hall,33,60677,Female
Anthony Tran,45,60666,Male
James Cooke,42,60613,Male
Gary Perez,49,60666,Male
Kristin Chase,18,10041,Female
Justin Faulkner,50,33130,Male
Michelle Copeland,34,94138,Female
David Barrett,36,94140,Male
Martin Stevenson,18,75241,Male
Jeremy Phillips,58,10041,Male
Tiffany Mccormick,78,94131,Female
Sheena Hatfield,45,94138,Female
Chelsea Thompson,22,10086,Female
Colin Clarke,65,98158,Male
James Johnson,37,94138,Male
Angela Acosta,70,33119,Female
Amy Rose,23,10053,Female
Katelyn Harper,30,75262,Female
Victoria Lewis,23,75241,Female
Brian Smith,39,94138,Male
Kimberly Hardin,45,10086,Female
Bradley Nelson,51,10082,Male
Geoffrey Matthews,25,75256,Male
Nathan Cunningham,36,60613,Male
Laura Green,50,98118,Female
Joseph Hall,49,10086,Male
Christina Kent,68,75262,Female
Troy Bishop,37,75241,Male
Vicki Barrera,27,75215,Female
Katherine Kelly,18,10040,Female
Valerie Moore,52,10082,Female
Tracy Mejia,38,94138,Female
Amber Moore,28,75256,Female
Ernest Brooks,39,60636,Male
Kari Escobar,37,75262,Female
Dylan Wyatt,24,33143,Male
Kara Martin,26,98193,Female
Taylor Walker,34,75262,Female
Renee Hurst,42,60666,Female
Craig Rice,39,98101,Male
Melanie Miller,21,10086,Female
Kimberly Miller,45,75253,Female
Jonathan Taylor,32,94131,Male
Adriana Foster,63,98118,Female
Austin Meadows,56,60613,Male
Rhonda Farrell,33,94179,Female
David Wiley,27,10041,Male
Anthony Brooks,30,75262,Male
Charlotte Bruce,60,98158,Female
Christopher Hardy,43,75215,Male
Gabrielle Murillo,66,33143,Female
Sabrina Young,45,60622,Female
Jessica Zamora,48,75215,Female
Max Stone,58,94131,Male
Tami Lutz,20,98101,Female
Cynthia Horton,51,60677,Female
Jennifer Smith,37,10086,Female
Nancy Kelly,38,94131,Female
Angela Garcia,41,75215,Female
Jonathan Lang,47,75262,Male
Pamela Reid,28,75215,Female
Heather Gordon,50,98158,Female
Cameron Goodwin,19,60677,Male
David Wolf,52,75262,Male
Amanda Martin,44,75225,Female
Charles Becker,37,10040,Male
John Barber,40,98158,Male
Anthony Richardson,43,60681,Male
Catherine Johnson,34,10041,Female
Sarah Holmes,49,10041,Female
William Lane,56,33167,Male
Angela Johnson,33,94131,Female
David Hancock,55,60636,Male
Sean Dyer,79,98118,Male
Kathryn Davis,19,94138,Female
Jennifer Flores,43,94138,Female
Melissa Russell,29,98193,Female
Crystal Haynes,51,33141,Female
Cynthia Reese,40,60636,Female
John Murphy,51,10086,Male
Thomas Edwards,18,60627,Male
Kaitlyn Lee,41,75241,Female
Katherine Peck,22,75241,Female
Bethany Morris,45,10040,Female
Peter Stephenson,46,98158,Male
Brian Meyer,58,75256,Male
Dylan Schmidt,34,98193,Male
Scott Thomas,36,75290,Male
Ellen Walker,46,10053,Female
Megan Graham,45,94145,Female
Alexa Rangel,20,75241,Female
Brenda Nixon,44,33167,Female
William Walls,50,98101,Male
Jake Powell,21,98158,Male
Jodi Elliott,62,94131,Female
Cassandra Hill,41,98186,Female
Danny Hester,26,98186,Male
Hannah Hill,54,60613,Female
Paula Mercado,60,98118,Female
David Craig,69,60677,Male
Elizabeth Hanson,69,94131,Female
Rodney Mcintosh,44,94145,Male
Douglas Conway,39,33143,Male
Brian Frey,47,98158,Male
Martin Sandoval,18,60677,Male
Patrick Bailey,23,75262,Male
Chelsea Love,33,94131,Female
Jacob Conner,51,10086,Male
Christine Taylor,18,10040,Female
Desiree Logan,36,33143,Female
Thomas Johnson,53,94131,Male
Shawn Richmond,70,60677,Male
Emily Campos,49,75241,Female
Donna Gross,51,33167,Female
Tanya Shannon,45,98193,Female
Susan Odom,32,98158,Female
Timothy Rosario,49,98118,Male
Bethany Powell,30,75262,Female
Joshua Zimmerman,47,10041,Male
Samantha Moon,44,98101,Female
Emily Sharp,50,75262,Female
Regina Lucas,42,33167,Female
James Perkins,36,75256,Male
Jill Valdez,26,75241,Non-binary
Heather Lopez,25,75247,Female
Michael Carroll,39,98193,Male
Dakota Greene,43,33143,Male
Amanda King,69,75241,Female
Dylan Houston,33,60684,Male
Matthew Santana,45,75256,Male
Tanya Jackson,63,60684,Female
Vincent Harrington,38,10086,Male
Terry Woods,46,75262,Male
Julie Sullivan,37,33143,Female
Thomas Robinson,18,98101,Male
Emily Johnson,35,10053,Female
Chelsea Obrien,35,33130,Female
Jessica Cooke,26,33167,Female
Robert Gill,28,33143,Male
Zachary Smith,48,60636,Male
Hailey Murray,49,75241,Female
Alison Miller,29,10041,Female
Carrie Odom,60,33111,Female
Christopher Lopez,31,10082,Male
Amanda Williams,58,60677,Female
Alison Wilson,69,33143,Female
Aaron Harris,51,94138,Male
Jacob Stewart,35,94131,Male
James Powers,51,10053,Male
Shannon Perez,46,10086,Female
Stephen Thompson,65,60666,Male
Charles Martin,41,75241,Male
Jennifer Lucero,42,98118,Female
Michael Bright,18,75241,Male
Laura Lloyd,45,94138,Female
Alexander Lawson,39,94179,Male
Maria Pearson,52,10053,Female
Phillip Simmons,66,98118,Male
Jacob Hill,39,75256,Male
Wendy Diaz,66,10006,Female
Joseph Young,47,94138,Male
Rhonda Mills,48,33143,Female
Wanda Peck,21,75262,Female
Lawrence Brown,18,60677,Male
Donna Stevens,28,94131,Female
Joseph Huber,38,10041,Male
Joseph Small,45,60681,Male
Morgan Hamilton,53,10040,Female
John Williams,30,75241,Male
Gregory Shelton,71,75241,Male
Hayden Miller,28,60666,Male
William Smith,71,10053,Male
Tracy Cole,53,60677,Female
Timothy Neal,40,60677,Male
Dan Frazier,27,94145,Male
Paul Hood,59,10082,Male
Robert Taylor,49,75241,Male
Stephanie Contreras,47,10086,Female
Joseph Jones,44,94131,Male
Lauren Robinson,18,60636,Female
Andrea Mcpherson,39,75241,Female
Sandra Lopez,19,98158,Female
Luis Brown,39,10086,Male
Debbie Davidson,51,75241,Female
Edward Ellison,31,10006,Male
Natalie Cox,25,33143,Female
Destiny Reynolds,41,75256,Female
Tanya Brooks,41,10041,Female
Elizabeth Jacobs,40,60677,Female
Chase Cabrera,33,75241,Male
Robert Daniel,51,75256,Male
Michael Foster,58,33143,Male
James Mcdonald,56,75262,Male
Jesus Butler,40,94138,Male
Jennifer Davis,54,75262,Female
Tiffany Ray,48,10082,Female
Jonathan Singh,18,60662,Male
Jack Davis,43,75262,Male
Chad Morales,38,75262,Male
Tiffany Cox,51,75262,Female
Theresa Conrad,64,94139,Female
Colleen Owens,44,98186,Female
Joyce Fitzgerald,40,98118,Female
Keith Clark,68,98158,Male
Valerie Jenkins,53,94138,Female
Brian Davenport,47,75241,Male
Christina Bell,33,75241,Female
Samantha Smith,47,10053,Female
Kevin Harvey,70,60684,Male
Maurice Sanchez,36,98158,Male
Nicole Mills,37,75241,Female
Nichole Watts,45,75262,Female
Dillon Dean,55,94138,Male
Richard Mendoza,25,98101,Male
Richard Parker,27,60684,Male
Bradley Shaw,61,75225,Male
Alejandro Marks,48,94138,Male
Deborah Colon,60,60662,Female
Matthew Baker,43,33143,Male
Cynthia Hamilton,78,10041,Female
Lisa Morris,30,60684,Female
Grace Klein,18,98158,Female
William Rose,32,33143,Male
Benjamin King,54,98186,Male
Robert Miller,34,94131,Male
Barry White,56,33143,Male
Michael Thomas,34,75241,Male
Christopher Wells,56,75262,Male
Joe Morales,57,60613,Male
Madeline Rhodes,43,60613,Female
Joseph Flores,18,94131,Male
Alyssa Reynolds,55,10041,Female
Monique Ashley,18,33143,Female
Rodney Ward,53,94138,Male
Dale Goodwin,47,10086,Male
Heather Chavez,24,75262,Female
Sue May,20,75241,Female
Aaron Meadows,41,60613,Male
Sharon Jones,72,75215,Female
Erin Pollard,44,75256,Female
Jimmy Watkins,39,10086,Male
Jessica Edwards,48,60627,Female
Christopher Yoder,46,60677,Male
Renee Bryan,60,10041,Female
Jay Gill,36,60613,Male
Andrew Carter,41,75215,Male
Veronica Baker,47,75262,Female
Jose Jones,43,75215,Male
Brandon Rose,29,10086,Male
Norman Black,40,60662,Male
Phillip Melendez,49,98158,Male
Lucas Wade,43,94131,Male
Sarah Sherman,49,75253,Female
Jacqueline Murray,42,60613,Female
John Garza,59,10006,Male
Catherine Brown,37,94139,Female
William Kramer,61,10021,Male
Laura Hernandez,18,75241,Female
Jane Howard,27,60684,Female
Howard Hunt,18,33143,Male
Travis Diaz,76,60613,Male
Lisa Allen,18,60684,Female
Ian Boyd,26,94131,Male
Michael Ortiz,18,33143,Male
Jason Lopez,59,75262,Male
Amanda Trevino,25,75215,Female
Mark Morgan,18,10082,Male
Caitlin Fleming,59,98158,Female
Dennis Williams,27,94138,Male
Michael Martin,33,75256,Male
Jessica Mitchell,43,98186,Female
Zachary Allen,49,75256,Male
Brandy Washington,25,98158,Female
Kimberly Brown,33,94131,Female
Jennifer Herrera,50,98158,Female
Natalie Fox,56,98186,Female
Michael Adkins,33,33143,Male
Thomas Rios,18,75290,Male
Megan Gomez,45,75241,Female
Ruth Randolph,34,60666,Female
Alicia Poole,30,98158,Female
Ashley Mccullough,54,60684,Female
Daniel Howard,57,98186,Male
Anthony Gray,55,75241,Male
Alicia Wells,59,94139,Female
Tracy Hernandez,25,98158,Female
Colleen Richmond,39,60613,Female
Angela Campbell,32,60684,Non-binary
Todd Mcfarland,39,60684,Male
Linda Hoffman,24,94138,Female
Andrew Johnson,50,33143,Male
Michael Torres,50,60662,Male
Charles Payne,40,75215,Male
Michael Golden,34,60627,Male
James Schroeder,18,75241,Male
Craig Mathis,44,60613,Male
Jessica Ochoa,45,60684,Female
Christina Villanueva,34,33111,Female
David Morris,47,60684,Male
Keith Robles,41,94138,Male
Peter Chambers,36,60684,Male
Margaret Gonzalez,28,94138,Female
Brittany Gonzalez,33,60662,Female
Aaron Olson,40,75262,Male
Nicole Thompson,27,60627,Female
Emily Thompson,31,75290,Female
Cynthia Gonzales,64,33167,Female
Rhonda Chang,44,60684,Female
Diana Williams,29,10041,Female
Wesley Mcneil,48,60684,Male
Sharon Lynch,68,98193,Female
Kevin Taylor,39,98197,Male
Kristen Brown,57,94145,Female
Ruth Willis,42,98158,Female
Kristen Jones,23,10086,Female
Brittany Moran,42,75241,Female
Dustin Williams,48,10086,Male
Kimberly Browning,70,94131,Female
Amber Lynch,53,10006,Female
Jessica Ward,18,94192,Female
Ricky Lutz,37,75215,Male
Katelyn Rodriguez,18,75241,Female
Joseph Benson,63,10049,Male
Tonya Campos,28,94131,Female
Frank Gilmore,41,98124,Male
Bernard Hicks,59,98186,Male
James Fitzpatrick,45,10041,Male
Robert Richards,41,10053,Male
Jeremy Wood,36,75241,Male
Teresa Allen,33,33143,Female
Daniel Stephens,62,60613,Male
Carrie Campbell,61,94131,Female
Beth Sims,56,94131,Female
Bianca Ross,41,75215,Female
Anna Cantu,54,75241,Female
Mark Harris,53,33143,Male
Kenneth Koch,45,10082,Male
Rebekah Mosley,31,75241,Female
Lauren Green,55,94131,Female
Nathan Mullins,30,75215,Male
Rebecca Bennett,63,10086,Female
William Daniels,45,60662,Male
Arthur White,65,60681,Male
Nancy Miller,42,98186,Female
Colleen Nguyen,18,33111,Female
Patricia Johnson,37,94131,Female
Cheryl Owens,44,94179,Female
Brenda Anderson,55,98186,Female
Angela Hurst,53,33143,Female
Cheryl Cervantes,54,33111,Female
Ronald Harris,50,60684,Male
Edward Wilson,45,60613,Male
Joseph Brown,36,94131,Male
Rachel Carter,40,60622,Female
David Benson,18,60684,Male
Charles Chen,61,33167,Male
Eric Ortega,56,33130,Male
Larry Allen,52,75215,Male
Jacob Bauer,35,94138,Male
Joan Brown,57,75290,Female
Amy Harris,25,94192,Female
Patrick Wall,41,10041,Male
Charles Williamson,52,10082,Male
Joseph Pope,18,10082,Male
Ricky Mack,27,98101,Male
Jeffrey Wood,54,98158,Male
Samantha Logan,40,10041,Female
Derek Crawford,46,60613,Male
Paul Watts,47,98158,Male
Timothy Howard,48,98158,Male
Christian Smith,59,98186,Male
Catherine Barnes,56,10086,Female
Adam Brown,33,98118,Male
Ryan Martin,39,98118,Male
Chase Alvarez,26,98118,Male
Brian Elliott,33,94138,Male
Krystal Kirby,53,33143,Female
Allison Espinoza,18,94138,Female
Amy Decker,39,94131,Female
Lori Delgado,60,60613,Female
Jasmine Hill,41,60666,Female
Anthony Rodriguez,59,94145,Male
Connie Gillespie,40,60684,Female
Lori Oneal,31,94139,Female
Craig Arnold,63,60622,Male
Courtney Hawkins,34,10041,Female
Jeff Wilkins,48,60636,Male
Robin Hinton,34,10041,Female
Deborah Wood,18,33167,Female
Jeanne Williams,45,75215,Female
Joseph Carlson,38,60662,Male
Margaret Clark,53,75241,Female
Jose Jenkins,60,60613,Male
Brandon Neal,42,75256,Male
Kendra Navarro,55,60684,Female
Alyssa Ballard,45,98186,Female
Richard Jackson,72,60677,Male
Connor Martinez,59,98193,Male
Norman Hubbard,48,60684,Male
John Arnold,81,94131,Male
Denise Ferguson,56,98101,Female
Brandon Marsh,38,94138,Male
Joshua Copeland,37,33143,Male
Lawrence George,31,75256,Male
Lauren Serrano,39,60613,Female
Teresa Garcia,34,10049,Female
Jeremy Brown,57,94179,Male
Sarah Ward,40,75256,Female
Jason Hill,39,60677,Male
Chad Baird,47,75241,Male
Michael Baker,40,98158,Male
Frank Porter,21,98127,Male
Eric Scott,41,75241,Male
Ashlee Perry,46,98158,Female
Donald Woods,60,75215,Male
Jamie Pratt,35,60684,Female
Cathy Mcdonald,53,33167,Female
Kevin Gross,31,33130,Male
Michael Copeland,69,75215,Male
Olivia Lopez,27,60622,Female
Kristen Williams,18,10041,Female
Aaron Ortiz,63,98158,Male
Craig Gonzalez,66,33143,Male
Catherine Ramos,26,60684,Female
Jeffrey Hunt,27,98158,Male
Matthew Kaufman,30,10006,Male
Alexander Moreno,31,10086,Male
Debra Gibbs,34,94138,Female
Danielle Miller,34,33143,Female
Monica Buck,59,10082,Female
John Matthews,41,75262,Non-binary
Rachel Carter,34,75215,Female
Todd Williams,56,10086,Male
Tara Reed,60,33167,Female
Todd Hicks,52,60681,Male
Tracy Harris,47,75241,Female
Samantha Jones,18,94138,Female
Alexis Lopez,39,10041,Female
Eric Bradley,50,98101,Male
Jason Elliott,51,98186,Male
Jessica Martinez,47,94138,Female
Jessica Harris,55,75262,Female
Jodi Smith,49,98186,Female
Chad Morales,36,94145,Male
Nicole Pearson,64,75215,Female
Michael Wilcox,52,98193,Male
Brenda Nolan,22,60681,Female
Bailey Ray,72,75241,Female
Nancy Mcclure,27,94139,Female
Charles Perry,56,60666,Male
Sean Ruiz,44,60613,Male
Laura Rosales,56,60681,Female
Holly Wells,18,75262,Female
Judy Williams,52,94139,Female
Kelsey Wright,56,94131,Female
Ryan Rogers,44,94192,Male
Alexander Foster,47,75256,Male
Melissa Morgan,34,33111,Female
Charlene Davis,25,98118,Female
Jessica Brown,33,94131,Female
Aaron Clark,28,60684,Non-binary
Luis Martin,45,33130,Male
Joshua Fox,55,75241,Male
Nancy Arnold,39,33111,Female
Diana Barnett,19,75256,Female
Frederick Russell,52,98118,Male
Misty Barrett,53,94145,Female
Kevin Avery,50,60684,Male
Daniel Daniel,28,33111,Male
Brandon Gordon,39,94192,Male
Brent Gutierrez,71,98118,Male
Tamara Alvarez,32,94131,Female
Paul Herring,21,94140,Male
David Mckay,40,75262,Male
Heidi Roberts,50,98118,Female
Christine Stephenson,55,75256,Female
Sylvia Heath,44,94138,Female
Andrea Bailey,37,10040,Female
Elizabeth Palmer,65,60613,Non-binary
Susan Owens,32,94131,Female
Debra House,21,75241,Female
Karen Stewart,63,75262,Female
Thomas Barnes,18,94131,Male
Matthew Williams,33,75241,Male
Austin Decker,58,75215,Male
Christina Williams,54,75262,Female
Sandra Neal,30,60684,Female
Colleen Hall,43,98101,Female
Paul Powell,30,75241,Male
Anthony Anderson,26,94138,Male
Anthony Scott,29,98158,Male
Daniel Vance,45,60613,Male
Brenda Lee,38,75290,Female
Brandon Brady,32,75262,Male
Hunter Foley,34,75262,Male
Andrew Andrews,37,98118,Male
Susan Smith,34,33167,Female
Catherine Jennings,41,98118,Female
David Weiss,39,75241,Male
Jacob Gibbs,55,33167,Male
Denise Lloyd,46,10041,Female
Angela Erickson,21,33141,Female
Lauren Hendricks,32,98118,Female
Linda Roth,45,94138,Female
Richard Luna,62,94192,Male
Aaron Griffith,43,10082,Male
David Bowen,48,60681,Male
Dean Ashley,60,98197,Male
Pamela Bennett,52,75241,Female
Rebecca Thompson,43,33143,Female
Brandon Weaver,65,33119,Male
Hannah Sanders,44,60684,Female
Susan Gould,50,75256,Female
Thomas Wright,40,94138,Male
Marc Hayes,45,94138,Male
Sarah Steele,44,94131,Female
Jaclyn Mccarthy,43,10041,Female
Carlos Harris,54,75241,Male
Jason Garcia,45,98118,Male
Brandy Rosales,28,94138,Female
Billy Fitzpatrick,47,33167,Male
Christina Gomez,31,33167,Female
Rachel Leon,33,60627,Female
Margaret Ashley,43,94138,Female
Theresa Cantu,18,94138,Female
Julie Nolan,25,75241,Female
Joseph Mccarthy,40,94162,Male
Katie Dougherty,42,98127,Female
William Hutchinson,59,60613,Male
Erik Hernandez,33,33143,Male
Terry Hobbs,54,33143,Male
Kathy Pierce,49,75241,Female
Keith Oconnor,23,98158,Male
Joseph Delacruz,44,10053,Male
Michael Smith,52,98101,Male
Bruce Holland,59,60666,Male
Jerry York,39,94131,Male
Robert Jarvis,38,75262,Male
Sandra Johnson,42,94131,Female
Corey Leonard,64,98158,Male
Andrew Mcguire,47,75262,Male
Christopher Wood,40,75241,Male
Patrick Kane,62,60662,Male
Amy Clark,49,98118,Female
Stephanie Horton,53,60662,Female
Robert Rodriguez,62,60684,Male
Erika Griffin,40,33143,Female
Joel Bradford,27,60636,Male
Stephen Powell,55,75215,Non-binary
Grace Young,34,60613,Female
Katherine Torres,44,94139,Female
Peter Moore,54,75215,Male
Michael Butler,34,75256,Male
Nicholas Lee,38,60627,Male
Rebecca Robinson,58,10006,Female
Sarah Austin,32,10008,Female
Amy Brown,31,75215,Female
Bailey Lewis,18,94131,Female
Lauren Stout,48,60666,Female
Tracy Hammond,21,60627,Female
Angela Martin,52,60677,Female
Kimberly Mcpherson,42,60636,Female
Amanda Ballard,31,60684,Female
Victor Ramirez,79,60622,Male
Debra Olson,20,10082,Female
Eddie Rose,59,60684,Male
Mary Hanson,84,10041,Female
Kayla Leon,47,33167,Female
Keith Harrison,24,60677,Male
Anne Huynh,31,33143,Female
Cody Taylor,43,60677,Male
Shawn Kelley,40,33143,Male
Brett Myers,59,75262,Male
Matthew Buchanan,46,94162,Male
Raymond Sawyer,53,33143,Male
Amanda Powers,37,98186,Female
Steven Garcia,36,75241,Male
Joshua Martinez,63,33143,Male
Jeanette Gates,68,98186,Female
Justin Henry,65,10041,Male
Laura Bell,50,94138,Female
Linda Patrick,57,75241,Female
Andrew Doyle,38,60684,Male
Kenneth Mann,31,75290,Male
Sarah Black,18,10053,Female
Carol Roberts,58,60666,Female
Travis Stone,18,75262,Male
Cesar Douglas,52,75262,Male
Paul Liu,46,98118,Male
Tanner Sosa,18,60681,Male
Nicholas Gray,33,75215,Non-binary
William Holmes,67,33111,Male
Tony Mills,48,33143,Male
Erica Perry,30,98158,Female
Kellie Davis,49,60677,Female
Cameron Robertson,31,60684,Male
Danielle Lee,57,10006,Female
Dustin Davis,43,33143,Male
Carol Yang,35,60677,Female
Victor White,49,75215,Male
Michael Morales,34,94179,Male
Erik Williams,43,98101,Male
Samantha Clark,19,94138,Female
Carrie Barron,72,98158,Female
Sheila Lee,27,75215,Female
Joshua Harding,40,75262,Male
Mary Daniels,50,60677,Female
Heather Cabrera,53,10082,Female
Tracie King,21,33167,Female
Austin Obrien,40,10082,Male
Ryan Vaughn,51,75262,Male
Matthew Jennings,19,98158,Male
Stephanie Good,59,10006,Female
Mary Diaz,41,60622,Female
Veronica Weaver,44,60677,Female
Mark Thompson,48,98193,Male
Debra Gallagher,44,60677,Female
Patricia Fry,36,10006,Female
Rebecca Lynn,62,98193,Female
Anthony Smith,54,10053,Male
Gregory Smith,49,60684,Male
Jennifer Blackwell,21,94138,Female
Jasmine Reed,29,60627,Female
Michelle Branch,36,98158,Female
Anthony Black,36,10082,Male
Paul Knox,36,60636,Male
Jason Gomez,29,75215,Male
Mary Black,21,98158,Female
Amanda Harris,41,98186,Female
Bryce Wolf,48,98186,Male
Tammy Smith,39,94179,Female
Nancy Moore,32,94131,Female
Mary Jackson,27,60677,Female
Susan Sandoval,31,60613,Female
Paul Coleman,38,94131,Male
Amy Palmer,38,94192,Female
Sean George,57,10040,Male
Bobby Santiago,45,75241,Male
Jerry Sanchez,33,94145,Male
Christine Benson,50,33143,Female
Kayla Ortiz,30,33143,Female
James Carlson,38,98118,Male
Ashley Hopkins,32,98193,Female
Willie Townsend,44,33143,Male
Patrick Cruz,25,75262,Male
Jeanne Hayes,39,60677,Female
Joseph Turner,29,10086,Male
Jamie Brooks,50,10006,Female
William Lambert,31,94131,Male
Heather Mccormick,48,33143,Female
Kimberly Davis,41,98158,Female
Jermaine Lawrence,56,98118,Male
Paula Russell,18,94138,Female
Jose Garcia,31,60677,Male
Michael Dixon,45,75262,Male
Jason Rodriguez,18,33143,Male
Kurt Williams,25,33143,Male
Brooke Johnson,39,94145,Female
Jessica Newman,24,10041,Female
Kathy Shaffer,38,94138,Female
Eric Thornton,40,60613,Male
Christopher Cox,54,60636,Male
Mark Le,27,98158,Male
Christopher Mclaughlin,33,75262,Male
Cody Williams,44,94145,Male
Andrew Villanueva,46,33111,Male
Tracy Brown,69,75262,Female
Jonathan Hunter,60,10053,Male
Hannah Copeland,44,60636,Female
Laura Brown,35,94138,Female
Scott Garcia,47,10082,Male
Desiree Mccoy,49,75253,Female
Jacob Underwood,36,33143,Male
Tracey Mendoza,57,33167,Female
Penny Martinez,33,75256,Female
Jeffrey Woodard,32,60636,Male
Michael Parker,54,94192,Male
Scott Griffin,32,98118,Male
Wendy Randall,36,75241,Female
Luis Hart,35,75241,Male
James Williams,58,60636,Male
Kelly Smith,50,33143,Female
Kenneth Parker,34,33130,Male
Nicole Owens,34,94145,Female
Ian Watts,44,75262,Male
Steven Cannon,43,60627,Male
Jaime Gray,53,60681,Male
Andrew Powers,69,10041,Male
Eric Little,33,94131,Male
Raymond Herrera,66,98118,Male
Arthur Swanson,45,94138,Male
Richard Young,68,75262,Male
Janet Hunter,35,10086,Female
Kristine Park,18,60677,Female
Cindy Rodriguez,55,98158,Female
Christopher Valdez,39,94138,Male
Cynthia Carlson,22,10053,Female
Robin Clayton,53,98158,Female
Maria Abbott,33,10086,Female
Felicia Smith,47,75215,Female
Leslie Walker,45,98118,Female
Shelby Kelly,30,94140,Female
Justin Black,29,10041,Male
Barry Wood,53,10041,Non-binary
Claire Clark,49,75262,Female
Jose Gibson,51,33143,Non-binary
Jennifer Rice,25,60613,Female
Alexander Brady,37,60636,Male
Erica Robbins,33,33143,Female
David Anderson,39,33143,Male
Daniel Taylor,51,98118,Male
Mary Stanley,18,10041,Female
Daniel Jones,50,94131,Male
Sandra Butler,18,75262,Female
Andrew Roberts,38,33143,Male
Craig Maldonado,49,33143,Male
Sandra Williams,34,94138,Non-binary
Raymond Davis,40,60666,Male
Bridget Young,46,60684,Female
Shawn Evans,43,75253,Male
Kyle Manning,56,60613,Male
Carol Le,33,98158,Female
Chad Ramos,40,10041,Male
Jack Ellis,35,60613,Male
Robert Larson,31,75262,Male
Deborah Patton,40,10082,Female
Julie Berry,54,10049,Female
Austin Robinson,24,33167,Male
Alexander Mcdonald,39,60677,Male
Jacob Castro,58,75241,Non-binary
David Aguirre,56,94138,Male
Cindy Park,30,75247,Female
Shelley Smith,18,60627,Female
Earl Hernandez,40,60622,Male
Michael Tran,63,60627,Male
Frank Fernandez,30,10041,Male
Nicole Davis,46,60622,Female
Isaac Yang,49,33143,Male
Bradley Brown,39,60627,Male
Joe Marshall,67,33143,Male
Amanda Chavez,18,60666,Female
Jordan Gibson,46,75241,Male
Patricia Gallagher,34,94179,Female
Ellen Colon,44,98118,Female
Matthew Hernandez,41,98158,Male
Terry Simpson,23,75241,Male
Elizabeth Myers,42,10040,Female
Sharon Crawford,26,98118,Female
Richard Montgomery,39,94172,Male
Jessica Hodge,52,75215,Female
Matthew Kent,41,33143,Male
Kevin Nelson,42,94139,Male
Laura Farmer,56,98186,Female
Erik Duarte,37,98193,Male
Ryan Leonard,49,10053,Male
David Miller,33,60627,Male
Michael White,48,94140,Male
Paul Smith,40,98186,Male
Mark Tate,37,75241,Male
Jeffery Berry,26,10086,Male
Suzanne Vargas,51,75215,Female
John Benson,18,60613,Male
Oscar Howard,37,75256,Male
Charlotte Pitts,41,33143,Female
Megan Sweeney,38,10006,Female
Tina Marshall,24,94138,Female
Sherri Donaldson,51,10041,Female
James Johnson,58,60677,Male
Haley Oliver,38,60677,Female
Mark Valentine,41,94145,Male
Aaron Welch,42,75241,Male
Laura Barnett,42,75262,Female
Bradley Gay,36,75256,Male
Mitchell Haas,70,33143,Male
Joseph Humphrey,18,75241,Non-binary
Michael Payne,24,94140,Male
Matthew King,57,33143,Male
Rebecca Hamilton,29,94138,Female
Robert Liu,39,10040,Male
Tiffany Vargas,48,94138,Female
Joseph Mendoza,67,60684,Male
Amber Everett,45,75241,Female
Ashley Lee,46,75256,Female
Gail Gregory,47,33143,Female
Scott Sellers,57,10082,Male
Charles Perez,51,75256,Male
Jason Johnson,64,98158,Male
Dominique Ramirez,55,10086,Female
Cory Mccann,45,75262,Male
Lauren Scott,49,75241,Female
Tamara Brown,61,75215,Female
Billy Steele,38,75262,Male
Karen Macias,66,60622,Female
Cole Garcia,56,94131,Male
Samuel Carroll,18,75247,Male
Matthew Henderson,33,98158,Male
Crystal Shelton,23,75262,Female
Rebecca Rodgers,39,75262,Female
Kristi Parker,50,94162,Female
Anthony Miller,35,33143,Male
David Buckley,18,33130,Male
Rhonda Hensley,75,75241,Female
Jane Harper,45,10041,Female
Steven Johnston,38,60677,Male
Sean Hester,42,75247,Male
Gina Reed,40,75215,Female
John Morris,54,75215,Male
Sara Butler,32,94172,Female
Cesar Singh,62,33167,Male
Keith Cobb,42,75262,Male
Laurie Carney,37,10053,Female
Rebecca Sanchez,50,33143,Female
Michelle Jarvis,45,98101,Female
Jordan Parsons,31,75241,Male
Denise Bates,33,94131,Female
Christina Ritter,44,33143,Female
Sheila Hodge,60,60666,Female
Alex Wyatt,22,75215,Male
Amber Allison,39,10041,Female
Justin Daniels,29,33143,Male
Carla Young,66,75262,Female
Brittany Morris,18,10041,Female
Tammy Rodriguez,35,94138,Female
Elizabeth Morrison,57,60677,Female
Jennifer Castillo,56,75215,Female
Jessica Larson,29,60681,Female
Bryan Morales,18,10041,Male
Tyler Carpenter,34,33167,Male
Kathy Wright,29,75262,Female
Thomas Mcdowell,46,98118,Male
Ryan Freeman,35,60684,Male
Aimee Palmer,29,98186,Female
Thomas Baird,26,33130,Male
Neil Ramirez,42,60627,Male
Kevin Harper,35,33143,Male
Walter Harris,21,75215,Male
Denise King,34,98158,Female
Stephen Rodriguez,18,60613,Male
Allison Melton,68,60627,Female
Judy Singleton,54,60666,Female
Ashley Rollins,28,75290,Female
Gregory Warner,62,98101,Non-binary
Danielle Mitchell,50,60684,Female
Jocelyn Garcia,21,75262,Female
Nathan Tapia,40,75262,Male
Clinton Johnson,56,75215,Male
Chelsey Osborne,40,98158,Female
Toni Howard,32,10082,Female
Diana Daniels,20,10086,Female
Randy Cabrera,55,94145,Male
Kelly Calderon,35,33167,Female
Karen Garcia,38,10086,Female
Kimberly Meyers,52,75262,Female
Cindy Morales,42,60684,Female
Oscar Walsh,28,10041,Male
Michael Jackson,18,98158,Male
Colleen Holloway,38,60684,Female
Peter Pugh,35,33143,Male
Diane Taylor,35,75262,Female
Elizabeth Wright,34,60677,Female
Jamie Hart,47,75241,Female
Kimberly Leon,26,10082,Female
Breanna Stevens,55,10049,Female
Timothy Yang,45,60684,Male
Aaron Moody,60,33130,Male
Tommy Martin,47,98101,Male
Kelly Bush,54,75241,Female
Brandi Bell,51,60622,Female
Melanie Ortega,33,60613,Female
Lucas Potter,54,98158,Male
Melissa Jimenez,48,60636,Female
Jackie Hawkins,40,60613,Female
Michael Thompson,51,10006,Male
Jennifer Sanchez,26,10041,Non-binary
Sandra Thomas,33,10006,Female
Jessica Alvarez,46,10006,Female
Anne Lindsey,28,94138,Female
Pamela Nguyen,37,10082,Female
Mark Johnson,36,94145,Male
Robert Lloyd,37,98118,Male
April Fisher,18,94138,Female
Kayla Hill,62,98186,Female
Lorraine Gibbs,72,33167,Female
Robert Stewart,28,94131,Male
Thomas Clark,20,60677,Male
Gina Miller,39,94131,Female
Jeffrey Johns,43,75256,Male
Ashley Huynh,19,10086,Female
John Spencer,45,33143,Male
David Blackburn,45,75215,Male
Kevin Haynes,39,10053,Male
Derrick Bishop,29,10086,Male
Whitney Shaffer,18,75256,Female
Jennifer Anderson,51,60684,Female
Barry Rivera,62,94131,Male
Gary Compton,47,60684,Male
Alexander Johnston,34,10040,Male
Heather Williams,32,10086,Female
Michael Morgan,38,98118,Male
Brenda Wilkins,31,33143,Female
Angela Franco,29,75215,Female
George Joseph,68,75256,Male
John Davis,39,10086,Male
Emily Huang,49,10086,Female
Cynthia Finley,65,94138,Non-binary
Randy Sanchez,43,75241,Non-binary
David Schmidt,46,98118,Male
Jeremiah Collins,35,60666,Male
Theresa Davis,38,75290,Female
Richard Murphy,40,94138,Male
Christopher Johnston,21,10041,Male
Jessica Johnson,32,10053,Female
Amy Small,43,94131,Female
Michael Diaz,45,33141,Male
Jennifer Bass,21,60613,Female
Tanya Murphy,70,10049,Female
Sarah Jenkins,38,75262,Female
Lucas Smith,57,60684,Male
Anita Harvey,26,75241,Female
Angela Torres,50,98158,Female
Amber Santiago,41,10041,Female
Travis Stafford,41,33141,Male
Brittney Phillips,58,10053,Female
Linda Leonard,59,60684,Female
Grace Austin,24,94192,Female
Anthony Wong,49,75256,Male
Patricia Delgado,50,98118,Female
Jason Rojas,42,75215,Male
Jessica Middleton,27,75241,Female
Stacey Jimenez,28,75253,Female
Mitchell Williams,34,60627,Male
Brian Williams,51,75241,Male
Nancy Nichols,18,10053,Female
Preston Garrett,27,60677,Male
Wanda Clark,37,60613,Female
Karen Lopez,37,75241,Female
Xavier Fletcher,62,94162,Male
Michael Mckinney,37,98186,Male
Mary Richardson,39,75241,Female
Barbara Mcdonald,42,33143,Female
Cynthia Arnold,36,10041,Female
Samantha Hart,56,60622,Female
Laura Briggs,44,94131,Female
Kim Warren,41,10053,Female
David Black,43,60684,Male
Christina Chase,34,33111,Female
Christopher Martin,51,10082,Male
David Matthews,52,75241,Male
Patrick Ramos,41,60613,Male
Christina Horton,38,60662,Female
Kimberly Crosby,64,10053,Female
Tina Austin,47,10086,Female
Mary Wagner,53,75262,Female
Patricia Carroll,38,10053,Female
Manuel Miller,44,75241,Male
Jordan Ortiz,31,33143,Male
Dana Ferrell,50,10086,Female
Russell Johnson,40,75241,Male
Samantha Duran,58,10082,Female
Amy Lewis,36,60627,Female
Michelle Ryan,36,98197,Female
Megan Walker,33,94131,Female
Victoria Edwards,22,33143,Non-binary
Mario Chavez,41,60636,Male
Robert Smith,38,33167,Male
Joshua Moore,49,60627,Male
Garrett Stewart,36,94138,Male
Nathan Lindsey,44,98101,Male
Gabriela Heath,19,94138,Female
Michelle Collins,64,60627,Female
Bianca Charles,31,98158,Female
Richard Potter,57,60636,Male
Katelyn Chaney,47,75215,Female
Shannon Bailey,28,75256,Female
Kenneth Perez,75,75241,Male
Brian Bright,62,75256,Non-binary
Amy Long,34,75247,Female
Julia Walters,34,10082,Female
Aaron Davidson,26,10053,Male
Brandon Campbell,40,94131,Male
Scott Branch,45,98158,Male
Brent Ibarra,32,10086,Male
Jennifer Hensley,74,33111,Female
Jake Hatfield,69,33143,Male
Paul Dunn,53,10086,Male
Matthew Simpson,33,75262,Male
Stephen Davis,73,75215,Male
Michael Lewis,19,10086,Male
Courtney Reyes,39,75215,Female
Steven Oconnor,61,98101,Male
Michael Garcia,24,60684,Non-binary
Denise Nunez,30,60666,Female
Patricia Sanford,41,98101,Female
Scott Murphy,49,75241,Male
Jonathan Kelly,18,10082,Male
Elizabeth Mccarthy,66,75241,Female
Andrea Adams,51,75215,Female
Tracy Bishop,44,60636,Female
David Bradley,71,33143,Male
Ian Delacruz,48,60681,Male
Devon Weeks,37,60613,Male
Jeremy Jones,36,10053,Male
William Lopez,50,75262,Male
Clifford Daniel,51,60613,Male
Mark Moore,49,33143,Male
Debra Wu,41,10084,Female
Adam Harmon,53,60681,Male
Christopher Trevino,66,10041,Male
Grant Norris,44,33143,Male
Michael Warren,42,10086,Male
Linda Brown,30,98118,Female
Joyce Decker,45,60677,Female
Emily Hill,42,10086,Non-binary
Austin Chavez,57,94131,Male
Austin Armstrong,49,60627,Male
Sean Oconnor,48,75253,Male
Jenny Vargas,38,75262,Female
Lorraine Smith,29,33143,Female
James Harmon,59,33143,Male
Molly Hughes,34,10041,Female
Nancy Miller,57,75215,Female
Laura Harrington,26,75262,Female
Jodi Bauer,40,10041,Female
Linda Rivera,42,10041,Female
Amy Leon,18,60622,Female
Veronica Lewis,52,98118,Female
Steven Stevens,47,98158,Male
Shawn Johnson,41,33143,Male
Michael Gould,52,94131,Male
Adam Gould,35,10041,Male
Anthony Perry,32,98158,Male
Ashley Lee,45,60684,Female
Meghan Richards,25,75215,Female
David Simmons,34,94139,Male
Christopher Thomas,65,98186,Male
Melissa Elliott,18,75256,Female
John Soto,58,60684,Male
Carrie Thornton,23,60613,Female
David Vang,41,60677,Male
Jonathan Thompson,40,10086,Male
Margaret Boyer,31,98158,Female
Garrett Hicks,46,98158,Male
Hannah Boyer,46,33143,Female
Tracy Smith,54,94131,Female
Deborah Anderson,25,10041,Female
Caitlin Gibson,50,60677,Female
Ronald Floyd,37,75262,Male
Gregory Gibson,77,60613,Male
Kaitlin Lowe,39,10086,Female
Frederick Moore,42,10082,Male
Richard Jenkins,48,98118,Male
Derrick Houston,56,75215,Male
Jacob Brown,59,33143,Male
Anna Evans,45,94131,Female
David Johnson,47,75225,Male
Aimee Gill,41,60613,Female
Patrick Michael,43,10041,Male
Jimmy Sparks,64,98186,Male
Michael Sims,47,10041,Male
Caitlyn Noble,49,10082,Female
James Ward,25,94162,Male
Melissa Delacruz,59,60613,Female
Kent Rich,66,60684,Male
Kimberly Rodgers,20,60684,Female
William Walters,42,98101,Male
Jacob Wu,50,98158,Male
Randy Martin,37,10082,Male
Sean Jones,50,10084,Male
Jennifer Francis,36,98101,Female
Roberto Cruz,54,33143,Male
Joshua Yates,50,94138,Male
James Tate,52,10041,Male
Robert Walsh,22,10049,Male
Richard Gonzalez,57,75253,Male
Rachel Dean,48,98118,Female
Danielle Burnett,25,10041,Female
Ryan Rodgers,48,60666,Male
Shannon Ramirez,33,94131,Female
Jack Moran,61,60636,Male
Tonya Wright,75,94138,Female
Corey Craig,24,98158,Male
Russell King,49,98158,Male
Peter Jackson,18,94138,Male
Nichole Brown,18,94138,Female
Sara Stuart,31,94140,Female
Kristen Clark,27,75262,Female
Donald Lopez,68,33167,Male
Jon Jimenez,48,94138,Male
Jason Burton,63,60677,Male
Jennifer Huang,46,33141,Female
Phillip Avery,18,75253,Male
Bob Campbell,56,75241,Male
Corey Griffin,32,94179,Male
Vincent Aguilar,41,10041,Male
Dean Morse,40,94140,Male
Melissa Banks,66,98158,Female
Ian Allen,61,10053,Male
Denise Bryant,53,10086,Female
Kenneth Foster,45,94179,Male
Thomas Arnold,30,60666,Male
Suzanne Ray,50,75262,Female
Whitney Cortez,37,60636,Female
Megan Tyler,50,60677,Female
Darrell Watson,32,94138,Male
Terry Mccann,47,60684,Male
Desiree Terry,40,98193,Female
Robert Smith,41,98158,Male
Briana Harris,48,10053,Female
Sierra Lane,23,94145,Female
Jamie Gomez,35,33143,Female
Jeremy Cochran,59,98118,Male
Nicholas Boone,20,75241,Male
Joseph Drake,32,75262,Male
Jose Cook,34,33143,Male
Angel Jones,18,94131,Male
Alexis Smith,51,33143,Female
Victoria Velasquez,53,60677,Female
James Graham,42,60681,Male
Todd Johnson,54,10041,Non-binary
Jeffrey Mays,42,60613,Male
Michelle Thomas,39,10041,Female
Regina Taylor,25,98101,Female
David Cox,35,75241,Male
Lindsay Dyer,35,98118,Female
Vanessa Oconnor,18,33141,Female
Rachel Smith,59,98118,Female
Heather Shaw,18,60627,Female
James Hayes,44,60613,Male
Michelle Hurst,32,33143,Female
Kimberly Owens,55,10086,Female
Emily Meyers,35,60622,Female
Jessica Lam,27,60666,Female
Jeremy Nguyen,44,33141,Male
Angela Stein,52,98101,Female
Brittany Morgan,35,60666,Female
Glenn Miranda,40,10086,Male
Edwin Patterson,43,98158,Male
Wendy Reyes,38,98193,Female
Shaun Spence,49,33167,Male
Brian Jones,39,60666,Male
Elizabeth Rocha,64,60613,Female
Melissa Rodriguez,49,60636,Female
Matthew Erickson,47,98158,Male
Cassandra Kelly,21,60613,Female
Joseph Foster,20,94138,Male
Rebecca Matthews,32,60681,Female
Jeanne Gilbert,18,94138,Female
Brian Simpson,47,94131,Male
Marcus Collier,53,60627,Male
Amy Brooks,34,98118,Female
Briana Owens,41,98158,Female
Mariah Stevenson,47,98118,Female
Laura Moran,37,60684,Female
Jason Evans,43,10082,Male
Michael Aguilar,76,75241,Male
Thomas Smith,68,10040,Male
Brittany Lee,31,60677,Female
Jody Smith,50,75262,Female
Kimberly Watson,50,10086,Female
Eric Morales,59,98193,Male
Meagan Jenkins,31,75262,Female
Susan Velasquez,37,98186,Female
Jeremy Gross,31,33143,Male
Mary Webster,18,60627,Female
Chase Rodriguez,47,98101,Male
Eric Allen,46,60677,Male
William Brooks,56,60613,Male
Andre Thompson,35,60684,Male
Beverly Miller,27,60636,Female
Richard Green,44,60684,Male
Sara Richmond,31,98118,Female
Michael Cooper,18,75262,Male
Alexander Long,36,75241,Male
Brian Simmons,41,10082,Male
Emily Spears,27,60684,Female
Jennifer Richards,43,94131,Female
William Clark,24,98158,Male
Richard Powell,57,94145,Male
Zachary Kirby,66,94131,Male
Kenneth Pearson,43,60677,Male
Robert Joyce,35,94172,Male
Megan Ward,44,33143,Female
Donna Lewis,47,75262,Non-binary
Zoe Gray,29,10053,Female
Tracy Allen,27,75215,Female
Megan Hamilton,57,10006,Female
Courtney Nelson,35,60677,Female
Marcia Davis,53,10041,Female
Angela Monroe,19,94138,Female
Christopher Lucas,19,33143,Male
Katie Wilson,37,10084,Female
Jorge Buck,18,94131,Male
Brett Watson,29,10040,Male
Michelle Martinez,52,60684,Female
Jacqueline Dyer,32,10053,Female
Matthew Smith,53,75215,Male
Bruce Morris,45,33143,Male
Tiffany Bennett,39,33167,Female
Christopher Gill,54,60622,Male
Elizabeth Jackson,38,10053,Female
Lee Guzman,49,98158,Male
Gregory Schaefer,32,94145,Male
Shane Moore,21,60666,Male
Lindsay Fields,27,33143,Female
Judith Mclaughlin,62,75262,Female
Colleen Miller,48,94131,Female
Brian Duncan,38,98158,Male
Jasmine Smith,37,94131,Non-binary
Leon Martin,26,10082,Male
Michael Vega,63,10041,Male
Amy Lee,44,98158,Non-binary
Patricia Baker,52,75262,Female
Daniel Garcia,25,60677,Male
Ann Moore,32,75262,Female
Stephanie Conner,75,33143,Female
Sarah Evans,69,98124,Female
Justin Hensley,76,94192,Male
Deborah Mahoney,50,10041,Female
Michael Bowen,52,94131,Male
Cheryl Foster,35,75253,Non-binary
Christy Contreras,57,75241,Female
Denise Hernandez,49,94138,Female
Wendy Banks,57,94131,Female
Mark Sherman,55,75262,Male
Laura Peck,41,33143,Female
Randall Crosby,48,75262,Male
Carrie Villarreal,30,60684,Female
Penny Weeks,52,98101,Female
Billy Gallagher,47,60684,Male
Levi Lopez,54,60684,Male
Laura Ashley,25,75262,Female
Ashley Reyes,54,94138,Female
Mike Green,58,94139,Male
Hailey Cunningham,25,10086,Female
Jimmy Owens,50,10006,Male
Tom Bailey,38,33130,Male
Tracy Gonzales,22,75241,Female
Reginald Hester,41,10041,Male
Adrienne Miles,34,60677,Female
Stacy Gutierrez,46,60666,Female
Leslie Beck,29,60627,Female
Angela Hansen,40,10053,Female
Benjamin Jackson,38,33143,Male
Elizabeth Owen,60,10006,Female
Taylor Morales,45,94131,Male
John Harris,39,60613,Male
Maria Thompson,37,60627,Female
Travis Smith,40,75262,Male
Michael Griffin,58,75215,Male
James Collins,39,75241,Male
Brittany Choi,34,75215,Female
Grant Jacobs,18,60666,Male
Cameron Lee,67,75262,Male
Phillip Miller,18,60684,Male
Jessica Buck,54,60613,Female
Amy Snyder,55,75241,Female
Robert Smith,39,60684,Male
Krista Morgan,40,94131,Female
Mary Massey,69,10041,Female
Thomas Wagner,59,10082,Male
Christopher Padilla,41,75215,Male
Robert Spears,44,33167,Male
Martin Gonzalez,37,60622,Male
Joanne King,59,60684,Female
Peter James,54,94131,Male
Lisa Duncan,47,75241,Female
Christine Hubbard,52,60677,Female
Natalie Smith,33,10086,Female
Kathryn Bates,72,75241,Female
Kevin Green,39,60684,Male
Karen Schmidt,70,75246,Female
Albert Brown,47,75262,Male
Melanie Hunter,50,33167,Female
Joe Aguilar,42,98118,Male
Judy Jones,18,33141,Female
Ashley Ingram,58,94138,Female
Michael Bates,49,60666,Male
Michelle Chen,52,60666,Female
Justin Durham,27,75241,Male
Jennifer Harris,66,75256,Female
Christina Vasquez,30,60684,Female
Elaine Smith,47,33167,Female
Bobby Weaver,33,60684,Male
Andrew Gonzalez,34,98197,Male
Jodi Hart,59,94138,Female
Linda Collins,35,75262,Female
Stacey Shields,36,98186,Female
Sean Clark,40,33143,Male
Larry Farley,49,75262,Male
Brian Williams,56,33143,Male
Maria Hamilton,63,60636,Female
Natalie Craig,56,98118,Female
Jordan Clark,51,94131,Male
Kimberly Chambers,43,75262,Female
Cindy Gonzales,44,75241,Female
Jacob Valentine,52,75262,Male
Heather Cooper,43,33111,Female
Alexis White,41,10082,Female
Timothy Gray,36,60613,Male
Kayla Montgomery,39,10082,Female
Michael Garza,47,75262,Male
Michael Glenn,31,94140,Male
Amber Bennett,56,75262,Female
James Anderson,30,94131,Male
Larry Lopez,49,98118,Male
Clayton Steele,24,33167,Male
Kristin Stanley,23,60684,Female
Kara Fitzgerald,64,10041,Female
Wayne Robinson,47,33141,Male
Kelli Rojas,85,94131,Female
Karina Lawrence,54,33143,Female
Morgan Short,68,94131,Non-binary
Helen Wyatt,38,60684,Female
Janet Pope,46,94131,Female
Anthony Werner,24,94192,Male
Chase White,53,33143,Male
Anna Bruce,39,75241,Female
Ann Anderson,32,10041,Female
Angela Guerrero,28,75241,Female
Debra Wong,30,75215,Female
Michael Rodriguez,18,75241,Male
Jessica Dodson,31,75262,Female
Michael Ross,45,60677,Male
Allison Miller,60,75262,Female
John Moore,52,75262,Male
Katherine Woodard,64,98186,Female
Meagan Morrison,30,94138,Female
David Snyder,58,75256,Male
Joseph Wilson,41,33167,Non-binary
Brian Strong,18,75253,Male
Todd Li,36,33143,Male
Robert Lee,45,98193,Male
Devon Crawford,46,75262,Male
Olivia Tucker,18,60684,Female
Whitney Mendoza,53,60681,Female
Kelly Mcintyre,42,75241,Female
Lisa Cunningham,26,75262,Female
Kathleen Patel,43,10053,Female
Jose Wright,37,75215,Male
Jennifer Boyd,23,94138,Female
James Cunningham,53,33143,Male
Michele Miller,39,60684,Female
Brandy Gutierrez,27,10082,Female
Tiffany Anderson,45,98118,Female
Karen Alvarez,34,75290,Female
Patricia Blake,31,75241,Non-binary
Nicholas Vega,42,75241,Male
Sean Banks,37,75256,Male
Eric Torres,21,60627,Male
Julia Short,33,10082,Female
Bryan Juarez,48,10086,Male
Brandon Reynolds,24,94139,Male
Brooke Romero,44,98127,Female
Gina Castillo,56,33143,Female
Alex Johnson,27,60627,Male
Frank Medina,59,60681,Male
Carl Cunningham,35,10086,Male
Peter Berger,32,94179,Non-binary
Gail Buchanan,44,75262,Female
William Scott,41,94138,Male
Molly Nelson,33,75215,Female
Karen Velez,41,94139,Female
Paul Fox,25,10086,Male
Gina Cochran,71,10049,Female
Dana Cook,39,98193,Female
John Owens,63,75241,Male
Austin Anderson,34,60677,Male
Jeffrey Smith,40,33143,Male
Tina Ramirez,19,75215,Female
Jacob Jones,33,75241,Male
Lori Nguyen,46,75247,Female
Shelby Stout,42,75215,Female
Cynthia Walker,53,10082,Female
Lucas Cohen,58,94131,Male
Sharon Lester,30,94131,Female
Linda Graves,28,60684,Female
Robert Hill,42,98186,Male
Megan Hebert,49,75262,Female
Erika Bates,43,94138,Female
Michelle Jackson,35,10041,Female
Michael Meza,33,98118,Male
Brandon Dawson,19,98101,Male
Matthew Duncan,37,98158,Male
James Hardin,53,94139,Male
Samuel Sandoval,33,60613,Male
Christina Phillips,22,60677,Female
Michael Cole,62,75215,Male
Christopher Huff,44,10041,Male
Christopher Valenzuela,62,75262,Male
Martha Williams,42,94138,Female
Manuel Diaz,26,60636,Male
Sarah Parker,50,94131,Female
Joanna Smith,58,10041,Female
James Chen,35,94131,Male
Albert White,39,98193,Male
Stephanie Stewart,25,33143,Female
Timothy Harper,43,98186,Male
Heather Ray,45,60684,Female
Mary Nelson,48,10082,Female
Cynthia Andrade,37,94140,Female
John Owens,28,33114,Male
Ryan Sanchez,36,33119,Male
Kathleen Pittman,38,94138,Female
Tonya Williams,37,94131,Female
Jimmy Gomez,34,75215,Male
Cheryl Wood,42,33143,Female
Craig Dean,41,94138,Male
Carlos Mccann,26,10040,Male
Pamela Lyons,18,98158,Female
John Rodriguez,55,60684,Male
Kimberly Johnson,27,10082,Female
Kathleen Black,57,75225,Female
Lawrence Snyder,41,98197,Male
Kenneth Duncan,38,10041,Male
Corey Palmer,57,33143,Male
Tracy Morales,44,98193,Female
Jamie Hancock,55,60684,Female
Patricia Sanders,46,33143,Female
Nicholas Bass,30,10041,Male
Kristin Salas,48,75262,Female
Cory Vasquez,48,75262,Male
James Mckenzie,34,60677,Male
Rebecca Davenport,57,33143,Female
Stephanie Ross,82,10049,Female
Steven West,43,94131,Male
Erin Howell,19,94192,Female
Cheryl Blevins,21,75262,Female
Nathaniel Garcia,44,60666,Male
Chloe Smith,38,60613,Female
Abigail Mayer,38,60627,Female
Melissa Hernandez,24,75290,Female
Kathleen Peters,41,33143,Female
Randy Robinson,37,75262,Male
Erin Reed,36,60684,Female
Hector Larson,23,33111,Male
Darlene Brown,73,98101,Female
Stephanie Montes,78,75241,Female
Desiree Crawford,60,94140,Female
Shelia Nelson,52,10041,Female
Leslie Baker,23,98158,Female
Jessica Johnson,29,60666,Female
Rhonda Miller,41,98158,Female
Paul Rhodes,46,33130,Male
George Wright,18,75262,Male
Philip Wright,56,33143,Male
Stephen Rice,44,10086,Male
Christina Mejia,31,94131,Female
Elaine Steele,39,75262,Female
Shelley Williams,50,33111,Female
Billy Gilbert,34,75262,Male
Spencer Riley,34,75215,Male
Michael Smith,36,75241,Male
Michael Dickson,49,60677,Male
Patricia Gordon,58,94131,Female
Brad Hawkins,56,33167,Male
Catherine Shaffer,61,60613,Female
Megan Perez,39,75262,Female
Sonya Kelly,76,75241,Female
George Griffith,58,75247,Male
Henry Jennings,49,94138,Male
Erin Lopez,21,98101,Female
Ashley Rosario,31,60613,Female
Nicholas Smith,33,75215,Male
Victor Brown,36,75262,Male
Adam Baldwin,53,98101,Male
Shaun Ryan,24,10086,Male
Whitney Lee,18,75215,Female
Amanda Valencia,52,75241,Female
Tina Baker,38,98186,Female
Emily Lewis,33,33143,Female
Taylor Anderson,27,10041,Female
Brittany Stewart,29,33143,Female
Dean Arias,60,60636,Male
Ashley Osborne,51,60636,Female
Kayla Waters,44,98118,Female
Bryan Nguyen,68,33141,Male
Allison Callahan,27,75256,Female
Elizabeth Rodriguez,45,94138,Female
Preston Elliott,52,75215,Male
Walter Cervantes,64,94138,Non-binary
David Edwards,45,98197,Male
Patricia Vazquez,63,94138,Female
Elizabeth Richard,37,60662,Female
Charles Mendoza,49,75215,Non-binary
Justin Davis,33,60666,Male
Jeffrey Lawson,32,10053,Male
Danielle Francis,26,33141,Female
Cynthia Hurst,44,98101,Female
Kyle Curtis,45,98101,Male
Timothy Rodriguez,43,98158,Male
Mark Gonzales,30,10086,Male
Ashley Contreras,32,10082,Female
Victoria Lewis,35,60636,Female
Stephen Gonzales,33,10086,Male
Lisa Garcia,25,75215,Female
Angelica Sullivan,32,33167,Female
Mark Miller,48,98186,Male
Crystal Warner,40,60627,Female
Emily Glass,58,75256,Female
Meghan Smith,67,60662,Female
Brandy Callahan,48,94131,Female
Sean Davidson,23,75262,Male
Joshua Snow,54,75262,Male
Amber Moore,41,10082,Female
Matthew Evans,46,33167,Male
Holly Reed,37,10082,Female
Dawn Ford,71,94138,Female
Erika Parrish,62,75241,Female
Maxwell Greene,38,33130,Male
William Jones,53,10041,Male
Heather Malone,45,75241,Female
Christopher Gibson,36,60684,Male
Veronica Chase,19,10049,Female
Kevin Brown,55,75241,Male
Jessica Valencia,61,98158,Female
Scott Ramos,26,98101,Male
John Taylor,18,10082,Male
Michelle Barry,32,60636,Female
Kenneth King,40,60677,Male
Ashley Sherman,48,98101,Female
Carl Barnes,49,60613,Male
Brittany Contreras,56,75241,Female
Mark Fisher,41,75253,Male
Heather Shields,43,10053,Female
Philip Garcia,18,60636,Male
Tyler Ware,71,33143,Male
Joseph Liu,35,60681,Male
Chelsea Oconnor,35,33143,Female
Anna Malone,53,10086,Female
Debra Chapman,28,98101,Female
Dwayne Landry,77,60627,Male
Rhonda Lindsey,48,10053,Female
Charles David,52,94138,Male
Alejandro Smith,53,33111,Male
Donna Bowman,32,33143,Female
Alan Ali,49,94138,Male
Paul Williams,36,98186,Male
Summer Moore,54,60677,Female
Patrick Stafford,50,60613,Male
Jennifer Morgan,46,33111,Female
Jacqueline Green,24,94138,Female
Sarah Porter,35,94138,Female
Kyle Bennett,43,33167,Male
Catherine Frey,56,75244,Female
George Haley,36,75241,Male
Cheryl Dennis,61,10006,Female
Jessica Murphy,40,60677,Female
Katherine Griffin,43,94138,Female
Leon Patterson,38,75256,Male
Mark Mccarty,31,10082,Male
Benjamin Le,40,60666,Male
Gary Smith,27,33141,Male
Patricia Mckee,40,98158,Female
Michelle Kelly,47,60636,Female
Martin Knight,59,60684,Male
Charles Moore,48,60627,Male
David Riggs,18,10041,Male
Tammy Pope,42,75215,Female
Matthew Hayes,44,75256,Male
James Banks,43,60613,Male
Dean Donovan,51,60613,Male
Suzanne Garcia,44,98118,Female
Heather Levine,45,60613,Female
Michael Black,68,75262,Male
Ashley Allen,58,75241,Female
Holly Jones,82,75262,Female
Christy Gonzalez,32,75241,Female
Amanda Davis,32,94138,Female
Kevin Torres,32,75290,Male
Alex Mora,71,75262,Male
Robin Riggs,26,10053,Female
Jasmine Chambers,32,10086,Female
Melanie Meadows,46,10082,Female
Dennis Snow,40,94138,Male
Luke Olsen,48,98186,Male
Jesse Hinton,40,60666,Male
Daniel Whitehead,25,98158,Male
Melissa Matthews,41,10053,Female
Heather Norman,43,94131,Female
Daniel Garrett,50,10086,Male
Rhonda Marquez,60,75241,Female
Nicholas Johnson,43,60684,Male
Melissa Hendrix,27,75262,Female
Kathryn Turner,49,98118,Female
Walter Hernandez,49,75225,Male
Amy Johnston,37,60627,Female
Tyrone Rivas,71,98158,Male
Savannah Fields,49,10084,Female
Linda Jackson,67,33143,Female
Paul Powell,29,75262,Male
Dennis Nixon,31,75262,Male
Joseph West,39,10086,Male
Mary Lynn,31,98193,Female
Wayne Shea,51,33143,Male
Michael Johnson,41,60666,Male
Patricia Martin,50,33143,Female
Shane Walters,30,75215,Male
James Spence,33,60677,Male
John Gutierrez,68,33130,Male
Michelle Williams,22,98118,Female
Samantha Osborn,36,94192,Female
Bryan Johnson,49,33167,Male
Patrick Hall,25,94179,Male
Julie Gibson,54,94138,Female
Stephen Powers,74,98118,Male
Henry Richmond,48,33143,Male
Larry Martin,35,75262,Male
Robert Jones,39,75241,Male
Robert Scott,41,33167,Male
Daniel Williams,56,33167,Male
William Stone,37,94131,Male
Nicole Gibson,26,10082,Female
John Perez,57,60627,Male
Breanna Gallegos,25,10041,Female
Rhonda Ruiz,49,75262,Female
Kimberly Mclean,33,98101,Female
Robert Rodriguez,37,94139,Male
Megan Burton,52,10053,Female
Kyle Sims,43,94131,Male
Joseph Miller,47,10041,Male
Juan Lawson,71,33143,Male
Matthew Ortega,47,94162,Male
Katherine Miller,39,75256,Female
Courtney Wright,42,75262,Female
Peter Keller,42,75256,Male
Ashley Galvan,23,60613,Female
Jennifer Foster,55,94139,Female
Yvonne Moore,36,75215,Female
Lisa Schneider,54,98158,Female
Mark West,31,75262,Male
Crystal Walker,47,98158,Female
Steven Bryant,60,10041,Male
David Anderson,42,94192,Male
David Swanson,37,10053,Male
Hailey Thomas,36,94145,Female
Daniel Martin,35,60613,Male
Samuel Wilson,39,98101,Male
Gary Greer,18,98158,Male
Randall Kramer,61,33143,Male
Robert Collins,30,10040,Male
Cody Mendez,36,10053,Male
Christina Morris,70,33167,Female
Jesus Figueroa,66,33130,Male
James Day,44,75290,Male
Steven Oliver,43,60684,Male
John Smith,30,94139,Male
Angel Carr,40,94131,Male
William Proctor,36,10086,Male
Courtney Schroeder,50,33143,Female
Kathryn Rodriguez,45,75241,Female
Tanner Matthews,18,60684,Male
Paul Hamilton,18,10053,Male
John King,38,10084,Male
Elizabeth Spencer,31,60613,Female
Trevor Johnston,53,94131,Male
Harry Garcia,54,10086,Non-binary
Kathleen Graham,37,98158,Female
James Vazquez,46,60677,Male
Ronald Davis,32,98158,Male
Brandon Townsend,35,98101,Male
Vincent Walters,39,98118,Male
Amy Kim,26,10006,Female
Lynn Martinez,25,33143,Female
Darren Pineda,43,98158,Male
Kyle Parker,49,10086,Male
Adam Davis,53,75262,Male
Brandon Gonzalez,25,10082,Male
Elizabeth Patterson,30,75262,Female
Hannah Bell,47,10040,Female
Billy Cruz,44,60627,Male
Hannah Rios,45,60684,Female
Samuel Castro,41,10082,Male
Benjamin Thomas,59,98158,Male
Lynn Rivera,38,60666,Female
Mary Sanchez,45,33130,Female
Joann Schmitt,34,60627,Female
Autumn Jackson,68,94179,Female
John Ali,44,33143,Male
Theresa Garza,53,60684,Female
John Adams,45,33167,Male
Sean Boone,34,60666,Male
Travis Wise,18,60666,Male
Alyssa Garner,67,75262,Female
Joshua Taylor,39,33143,Male
Jeff Graves,27,98101,Male
Angela Nelson,46,60684,Female
Sandra Rivera,42,98101,Female
Renee Scott,50,60613,Female
Rachel Lane,45,60684,Female
Philip Freeman,42,75225,Male
Rhonda Johnson,61,75290,Female
Stephanie Garcia,42,75241,Female
Joseph Davidson,65,98118,Male
Mitchell Harris,39,10041,Male
Kimberly Farley,38,60636,Female
Mercedes Esparza,49,75262,Female
Matthew Henderson,37,33143,Male
Holly Clark,51,10053,Female
Donna Floyd,18,60622,Female
Lydia Hubbard,31,75256,Female
Craig Mckay,18,75241,Male
Tammy Lindsey,36,75262,Female
Melissa Ware,35,98118,Female
Juan Mclaughlin,69,75241,Male
Regina Gutierrez,35,60636,Female
Sarah Jackson,50,75256,Female
Patricia Fischer,40,33143,Female
Ashley Collins,19,98101,Female
Cheryl Johnson,59,10086,Female
Crystal Griffith,27,60662,Female
Stephanie Miller,47,75215,Female
Brandon Martin,70,60677,Male
Gerald Strickland,32,10084,Male
Jennifer Thompson,23,75241,Female
Edward Martinez,18,98158,Male
Adam Durham,32,33167,Male
Samantha Miller,28,75241,Female
Kayla Rowe,52,10086,Female
John Dickson,30,94131,Male
Margaret Chapman,41,75247,Female
Emily Hopkins,34,94131,Female
Joshua Fernandez,18,60613,Male
Anthony Hudson,45,75262,Male
James Landry,34,94131,Male
Austin Davis,39,60613,Male
Linda Ferguson,33,60677,Female
Lauren Richmond,24,60613,Female
Dennis Rogers,47,10086,Male
Allison Robinson,57,60684,Female
Christopher Hernandez,70,60681,Male
Gary Phillips,38,60636,Male
Abigail Wallace,21,94179,Female
Brandon Maxwell,46,10041,Male
Bryan Lewis,50,75215,Male
Meagan Ayala,21,75262,Female
Debra Lang,36,75215,Female
Francisco Johnson,51,94131,Male
Kim Nelson,32,33141,Female
Donald Owens,53,60684,Male
William Cunningham,30,75262,Male
Pamela Benson,32,98158,Female
Adam Johnson,26,33130,Male
Michelle Potter,38,98101,Female
William Davis,40,10053,Male
Gabriel Ross,51,75262,Male
Charles Stark,41,10053,Male
John Sanders,53,75241,Non-binary
Katie Welch,43,60613,Female
Steve Smith,30,10008,Male
Christina Hammond,38,33141,Female
Rachel Perez,35,10040,Female
Matthew Harper,81,60613,Male
Leah Montoya,58,98118,Female
Emily Fox,52,75262,Female
Michael Myers,45,94131,Male
Jade Jackson,31,60666,Female
Sherri Long,45,10082,Female
Daniel Castro,45,94131,Male
Desiree Gonzalez,34,60662,Female
Jason Weber,41,60681,Male
David Riley,35,60681,Male
Travis Bailey,37,75241,Male
Thomas Jones,19,10082,Male
